{
  "run_id": 1,
  "seed": 43,
  "metrics": {
    "f1_macro": 0.3333333333333333,
    "f1_micro": 0.5
  },
  "avg_seconds_per_video": 153.94585013389587,
  "report": "              precision    recall  f1-score   support\n\n       other     0.0000    0.0000    0.0000         0\n       phone     1.0000    1.0000    1.0000         1\n         tea     0.0000    0.0000    0.0000         1\n\n    accuracy                         0.5000         2\n   macro avg     0.3333    0.3333    0.3333         2\nweighted avg     0.5000    0.5000    0.5000         2\n",
  "y_true": [
    "phone",
    "tea"
  ],
  "y_pred": [
    "phone",
    "other"
  ]
}